282, Y0B30B
110, 6BNM2O
88, H9CNZ9
172, UCERJG
473, HP6WEG
432, WGZA2Q
394, IFYAN6
377, QZIA22
268, XOKU6Z
484, 1P5HGN
288, 95DZQO
227, VPZWWV
12, VYKWYQ
174, QDWQ78
433, O1YQR9
175, AH1TCB
264, 5PGMYG
113, SD0GRB
172, EAZYX2
46, 1YFIBO
137, TES1K6
251, BALMHW
247, CG0YKI
316, BAEPGQ
433, GJ4T4S
111, SNKS8Y
290, 4VSMV1
420, 1MD5K7
415, R0HYI3
230, 8WGZO0
303, 5CU1BF
257, JZAP9I
324, A3QSYQ
373, HS9KUT
285, OMVXB8
142, 6JTXBY
56, XM3QO7
25, GVLE5J
58, BFWQQW
339, BYLN9N
177, 3SM8XU
278, UVTCV7
206, ZJR5DV
345, SU7A7V
440, HJNZKV
99, 9ME973
16, VRWB5G
452, VCQUHO
287, DQFCWK
370, 4Z09SN
303, YYEMU8
62, S4X3PF
12, D9O32K
43, QE77VP
198, EEQS9D
465, CK2OFU
286, 3UK0HW
81, MQ7LSZ
27, KUDOQB
435, MSSKRF
92, RV3CQA
262, N30I74
182, MWIT9K
24, MJJ1KV
133, 2RBWXN
112, YZ7JX9
105, WYQMYQ
263, ZBEDX3
144, Y8106P
191, PEYKTT
24, 2JCGIS
397, WLXZG3
347, EO7SIH
290, ZPHXND
112, 5769YO
41, AOMB9A
303, 1OOHBJ
17, WTX75H
348, UQD402
411, 3YTLGI
294, GFXA2J
394, CQ1ZHA
357, 0ZO41A
114, NON5XP
119, KL86U1
191, IT7WLV
413, OSPOE8
163, X5G4EB
368, WE5868
130, C5XVWP
159, IN3Q16
326, E4JDJK
178, WC5EJX
229, OF2JAC
63, WQLMX7
341, 50EALI
489, VYBP7F
187, 8A0ZI3
443, 5OOIHX
75, 4UBBVR
412, FFHMSU
130, VNDBZ7
63, 3UVE5D
430, XXSNYF
25, RRZLK7
166, 7XRO9K
203, N8R3T2
356, AF5SEA
145, LWOBA5
135, K3FWDQ
181, PN3BZ9
344, XHP6V3
444, C4PSJ6
255, I9DWXW
453, CPJHG8
323, O0K6PB
10, DQB0AI
49, 2IMGUE
261, H0UKAV
478, X9EYJP
106, 5UF5KT
415, ZRSQ0B
166, LAPKB2
261, 3Y37IW
295, MXQYB8
362, 53V9E7
330, KOX66Y
232, UBBJRC
159, ZK9TDR
105, 9E2J9A
478, RMONM3
180, UEVW41
287, UY4UA5
246, VCMBUT
139, Z5KMYB
443, 3CSIKI
52, 3MVQPD
376, VUL1QB
19, BA9P8V
398, RZ9TYT
244, XMA5JM
382, B54S7Z
28, 40S835
58, 0MK775
376, 60CES6
385, HAETZC
426, JA8QNB
385, WRREAY
235, FCXI27
298, 00DI87
78, HRZFI0
314, 07BV97
228, 58VDLI
439, 2EKDDE
103, 6D6WW4
16, ZPC7L7
304, DP75SU
447, SN50PB
66, K2C23B
153, ZF2V38
101, 4X4M0Y
160, H7G3Z4
311, KDVYN8
368, KZF9ZQ
186, 2ZY2LD
271, 7L6OPM
329, NH080H
167, H3NRYF
39, IMQVJ6
281, VP8IIJ
200, A6IIJ7
272, NC2PHA
145, N7GMUD
141, I9BBWF
407, XH5FD4
398, ERBJ95
470, 1F9HIC
430, QFWJYQ
245, E37EVH
244, MI9A42
5, XJ9KWR
134, UNFT0H
383, 6W5KLA
362, 3YAZ9L
101, WMBU8C
467, JB09K5
315, 6QY0LR
15, FT1N8E
81, 0Y7E8R
386, ECF41R
331, YEO6N6
28, P8MJN7
172, HTWDPG
233, 0A4YDK
252, JBFNSR
396, A9Q82R
67, 1V38R2
7, OOUVEM
20, AENR2S
493, B0P04W
460, S09JVF
215, G2DU0S
200, GERINX
213, PSJFZR
188, GX2YY2
216, AG773W
473, 54L6M5
17, 7FTD7G
496, 5ZOTJW
249, YLCEVI
428, 7EHQVN
87, 73EZEC
112, 5O04PL
146, D1SOYX
354, ZBFE2Q
377, ULDSUN
29, 3JV2RQ
321, FACYG0
353, 4RIFZ2
161, 72F4W4
65, 5FXJF8
121, 7YK4H3
419, AXRDQF
207, HFECG5
273, SO5ZWS
190, VD3XG1
281, 13RQZH
232, BLB5XK
402, 5A1HBA
79, EBRTGL
247, JOFIPQ
40, 2MIF6K
417, NBHB0P
120, TD7EAR
434, H19SRM
284, NPK2RS
125, CGTLGM
404, B8QMFJ
85, ORFXSH
443, LZP4OW
207, RZIL8X
296, LVXD4S
238, OLPXUJ
163, DPKRR3
221, 3JXHTZ
339, VWFB3G
446, 329BOA
487, 48A90N
199, RUPEXV
55, YGR8JK
144, 5S1WQR
259, DXMRY2
278, RE7X7K
80, YBARJZ
82, YK2CPB
283, 9FOJNI
21, T4B4HI
369, XPHYDG
223, GGN0U7
165, 7K4T5V
380, 8XJS8F
156, 63BAZ7
457, OJ6F59
28, JTU31F
274, W09OYA
398, 63WF3V
499, DUCLZF
64, V5Z1S9
244, DZVZIC
332, 0KUTYX
191, KKZQXT
442, MMSRCG
498, RLCZZG
418, UFY0ZE
158, 6QUOGB
478, QWRL9V
477, E89WJS
475, GMYGLO
39, BL4VUV
223, 20XP2I
316, X6NWI1
461, 4EUEAE
479, 6IJA4S
224, MC5T2K
350, 99HJLR
265, HLUHOE
82, C3EQ4V
38, QYV4R0
214, D1V8HK
328, DEB57W
327, JZLYEN
94, Y44XVS
211, 8EPZ18
231, XRI1JK
356, 9V0KKH
110, UAVM69
445, WTU3Y7
1, ENSA5N
160, HHT3YY
183, LWZVY1
42, RZ51OD
336, WEPMDM
381, GTHEXQ
423, QQ1RG4
479, I4VNHL
328, O2H8MK
248, RHNFLE
234, KPSTO2
198, OS5KWT
153, W4YN7S
294, 5ZHD7D
93, 1AOSJL
222, EP0PQM
380, VHPHFB
379, 05KHCK
456, KN86C6
146, WEU5TF
71, N6KVGO
483, JULVNQ
82, 9LIUC4
233, 0L9L0J
431, E4V6XM
263, Z2TSMJ
177, WTTT57
188, MEDSSS
268, ITM7A4
106, 6WDWSD
323, XUN3J4
135, 30P4CQ
141, UK4F2Z
240, PQSES4
6, EGE7HC
397, KANTDS
387, OE6BO8
340, DBI67S
387, 97U553
432, 9305H3
190, LCEO87
133, 7OQEUT
157, HHO02G
486, 5JS6HJ
347, ZUPGI8
382, CXN0M9
177, I29CD5
307, 4TQYK9
364, G19B65
134, 44EC15
410, X26N4M
77, WRUHEV
116, K6US2Q
477, 0Y9R1F
105, R2L6ON
200, PSI2RD
366, JPWK0L
297, TATUZP
352, UIKO05
226, URHIQK
275, DAAS4A
449, 02LFNL
97, 77ZJOK
51, 7O5NBA
42, SJ0M58
85, LQJ6SC
357, DRWI7S
177, GIW86K
10, WE8G6M
163, XKNFT0
307, 2ZV5J4
88, 2BVTLH
73, QIDC2B
68, J6SEPK
474, X2NJ30
91, OB3M5Y
391, MU1P4N
446, 702UMS
328, V1JAUZ
219, C3BYHY
490, WLP8XW
300, UE8SKM
224, 8KFDRR
24, 68GA6W
258, W31KUA
289, VI2BSU
27, KKEEKR
334, HEJN1D
284, HWBX2Q
468, 8H2OS3
102, TKMN4K
387, 4I7MWA
385, X030VF
474, VDUBNZ
239, S7NE6P
256, 35B59E
89, 5JU96M
193, H5DXRF
152, 2LAYDH
15, 6WTW57
86, KNZ7Y3
193, VF8ROU
285, RYDEMD
