178,4N78KG
436,0UG25Z
364,0Z3JD7
140,OSOQ8H
720,OS4ZWM
139,AJFVVI
349,HBXZBC
13,8G5AX2
673,Q5B1CO
46,ID8PBA
156,90GB8I
23,GFH1M5
305,LTTIQ3
607,YWI4M0
451,YU0WD3
637,NHH0OB
173,GCBX33
951,QMKNGL
211,OUY836
147,GOU7LZ
221,KYA3WD
694,EQD1KL
821,3E90NN
25,Y6TVMV
223,JREWFG
433,H0GLAN
870,CZ0J1E
595,H7DQLR
249,GW3E92
784,2ACIGG
998,4TIYVV
955,J5LGEC
69,S0OFIT
264,NXRQ8P
308,NID4NZ
672,O52MHL
342,QYBT1X
8,PP16FU
566,POK6NW
907,TQ28BS
623,54BVTN
700,ABFNL4
273,03914P
773,I1G659
998,8STCDT
676,71FMIM
297,2MNZ85
498,WMXQ4I
270,GCGTRT
201,E9BZSW
131,IB8E0W
255,BBBD3W
141,T0WVMB
829,SMUSHU
360,9XPV0H
353,V6L6ET
97,RGB5EU
173,JUHXCM
592,IX6UVE
305,ZNIZ4L
837,N50BPK
898,HCY4BE
75,RSDAXX
901,FWZDTB
293,YP6QSO
279,C833D8
765,C6V235
27,CSOSV9
835,1AWMUP
983,VP9WF3
126,22HUB7
855,PYCT1B
334,576TKV
599,5HFA0X
504,LEQMWM
663,N3K50I
780,HO0658
780,AWNX61
138,5U2V4K
670,TV428J
657,AXQ201
846,SS9DV3
416,VA5MZ5
400,LUV8LG
512,IKS867
905,IY4ZU0
911,HMHO0Y
421,G0LBSX
516,1QHCEL
65,FO3PP4
487,IXXNNN
423,WUCVAW
663,WQ5Z3Z
992,AJUSSO
521,EF0AOU
244,7BRQV8
274,RVPUAP
278,84RZAW
18,NTSV3Y
283,7Y649A
439,IBRAF9
914,6D4KJK
730,JZ39A0
64,XFVNZ0
617,ISNOV9
786,WF7R4C
853,2DXSUY
156,1WBPXK
876,C4FPGD
731,QOS1K4
287,S6R0PG
457,SEDYEM
555,XBUFSC
199,OD4FYG
784,U1VGA4
909,0MOTWA
949,3W0KP7
81,JL00NQ
41,DW4DJ6
829,7ECEOE
195,TFZ894
621,XFSJSQ
324,4U65QK
666,3X8V3T
488,N946EE
891,F4NV1Q
511,Y360WX
582,N3SV9J
576,UA79WE
912,5PXQ2G
221,8F9YHE
310,OPNJ5A
817,2SB2FQ
80,C60G8E
58,7PTM2I
862,0UAK9U
956,U55DKE
362,UIHO7Q
372,YT9OPL
107,ZSACQU
827,75LRWI
337,W8WEUX
769,UTG5Q4
192,OU93W0
612,D6LN7G
897,4JHQWX
918,DIKVD2
324,ZTRMAI
306,W9E7XH
469,RB7QDI
806,UKDNE6
273,UOKFK6
211,S7T1SM
785,P9Z7CR
281,QAWMX4
157,ZIECSO
915,9RZWIX
997,G0BIX6
764,7NAPMS
696,YCPE6H
172,FYR3R8
306,V03BS5
853,3I8I4G
391,BOYD8X
420,819M0K
979,NB48LQ
44,0RT04T
890,LTKNWT
73,IVK6MX
617,7RS7FB
348,LCJJDQ
917,HGQXUI
316,F76ICN
252,40UPKN
715,VTUVY7
292,1Q3JJO
943,LCV0M5
166,QRFGP9
33,47DHBU
17,G3UVVS
12,D1KFR0
741,38Z2IU
113,MT19R8
343,Z5SIEP
955,PIGSXY
19,W3LCRV
417,H4EREY
804,DB0A6E
922,DMM3PF
365,MUCCVQ
235,R14GND
19,FANBOM
662,DWUBNF
72,JAAWVQ
941,7PA9R6
756,D5I61P
566,I53CIL
435,JFLMJ0
555,EDU6QO
537,XMLM0A
814,OSEZLW
414,C0LMZH
701,Y0NCLU
814,ADKBBJ
141,EW8Y6O
379,IC16GV
517,4JAPR0
330,D5J3ZE
203,8FXY4G
502,AGA7YS
483,Y17XPG
122,0LINMU
148,KPQRUS
556,J9GSME
368,4IMIZ0
460,GG1DOU
46,5QKQA8
463,5ZKIDX
697,22T9BV
72,FAJ67H
952,QLW7LZ
70,ZJ5S20
924,QUMUX2
505,ZSTW7H
120,ZEWTO2
52,Q4A33S
220,FT6BQB
628,YCD7NS
297,WWKHIR
992,54C1TW
657,YB936L
183,PFHBGH
26,NG0TMN
657,LSO4BG
903,ZMQDZ3
290,E0MT9I
413,UXVX68
737,4TZ3TM
559,YW3Y4A
991,VEEGSP
221,Q7AEDT
266,2BOVNA
287,P56U9G
663,RVTU22
37,3MC3WW
656,ZU3INE
640,IS3EGN
979,KH3RP4
844,7VNHTN
986,9U5UJT
755,ANZ7N9
581,8867B9
120,FAUZ6M
368,U25CI8
428,HZLKJX
366,SZCQTJ
219,Z0D6KK
980,UY23UT
458,QDVAM6
490,EYEVOF
134,5I0T3W
586,ECK2WO
65,KMPWD1
550,S07NFY
119,O271NN
580,4ISUA6
61,BJOR30
469,REAFAU
115,5MD6XY
63,S64XGP
616,KL5357
668,3GKM4H
569,BKNJCZ
291,7QGFUH
922,HO00AF
390,RAGIWM
913,TUZJPD
826,9M3J8F
717,1U6KNL
342,WHRX4R
449,WUDIRO
916,WWXJOG
726,5F1N9R
765,NQ7N4L
614,MPKXAI
389,AXH2BN
139,AOKH20
735,IUEO5A
269,GMAU2U
148,1TATCL
699,C3CNQ3
294,T92HLK
382,BS85P0
206,7XQR5D
544,R1DP3S
138,XDGI1A
678,Z2MIH5
486,DP2VAT
135,M8QWPF
447,6HHDRE
610,FVFU2Y
441,P55F04
844,O8SFF9
828,DM5TNF
80,FLACI7
568,G3NNTV
942,BA6SDJ
617,YYPOF3
260,QUZ1X9
819,AWVP2S
721,3WVYC1
401,MI7CZW
650,S875ZX
914,N195AU
234,NS54XF
952,591VVT
330,TGKJEC
729,WIRLF5
829,IHV361
704,CUXMCX
876,N51F2U
854,AJJMCR
586,HWXR67
387,PC35CC
63,DF7MZT
241,WN307R
903,ALZSB1
61,9LQFAM
908,9IZ5UQ
855,CIQLCO
682,XZTAS5
667,1W78IA
697,RNHSZV
859,CZN7TB
930,1DC99D
994,C5RUWO
237,XJPUVV
218,9F8SOW
962,TG2JH3
74,N6PVGO
810,J6OVBH
24,7LC7N1
404,6KGZMT
962,0SS4YK
470,6I3EKG
5,0DVHTQ
421,MKPJPD
664,IUIXCI
595,S9FWRP
433,IP7ASN
989,XBIT7T
295,1OSTQ9
987,8HDPLR
735,EOFCVJ
891,7EZPJ4
638,ZYUJSI
371,GE4LPP
886,RJU0HN
873,1Y147F
858,SANCZA
186,36LFKR
301,BZI4RH
154,KBV16F
998,DGHJS1
920,FQ5LY4
837,KCGR7T
816,OT13NW
663,KUNHJG
657,4O6VZ9
369,JZJVLF
883,IXSNLU
851,I3YN5D
648,MJ4TKV
733,Q3XXRH
822,GYCPVG
752,WVMOMZ
615,Y0Q8S3
284,J26RLO
275,3YQTLD
784,FIALZA
76,0C3DWJ
19,UW6R7X
371,IMBLAM
143,HUQOKJ
673,AS8D37
537,26Q26C
392,7UV4V1
536,3B8R90
609,BSAGTR
411,QYBQNI
482,PUP4YD
107,ZYJEAM
783,L72T25
873,ABEZQ8
439,D9HWG6
353,VQV0CA
13,QF8SMO
991,UZDDPN
538,8ZKNUB
87,AS8M8J
