298, F2YFJP
429, 6FTRV6
101, 9DXN3Y
34, GYKVA4
424, TWKS6N
278, ZM504A
63, WS7MD2
70, 31RCWI
65, VGJT8F
455, KVIIFQ
385, KAU0GW
53, JSIAKI
265, V1ILA6
445, G75KGN
200, DJCZ8Z
366, XZVOF5
275, YK1GE8
18, K1RUHP
178, ELOTVH
269, H8B70R
105, JG2DY0
339, 1TZFRD
255, LDQWB8
34, BT76ZB
378, VNB8EH
158, ZP1XJS
289, 9NQUOK
380, TOUDOF
255, 12YADC
7, STCAPK
332, 4U3XFE
476, WB71ND
303, AK3J32
425, 3CDFZA
90, R6INVA
378, QR1E5O
48, 2908XO
147, YCQVME
278, 9EGRWO
454, J7KHPJ
33, CQEBR3
114, WUYIQM
85, X6J63R
244, VZ85FF
253, 29PIRS
189, J6AWWS
375, F6KKKT
308, JHC51Q
365, ENN95T
66, C6AHQA
